"Participant.id","Sex","Age"
"66b41d5d3c2a978a7aac2264","Female","58"
"5d4b085ef76ba3001c7510de","Male","36"
"5bc1a04c471dff00016341e4","Male","29"
"5d8e154af2858200171fdb95","Female","40"
"63f82a4ff43ec144ca3622a8","Male","43"
"5f53b958c8cfea6e2104c5b6","Male","70"
"5bcf6b423a99c40001542fa1","Male","76"
"59f0eda5e75b450001a699a7","Female","41"
"66fceda149718a86f36761b4","Female","30"
"5d41d708128a05000183c461","Female","53"
"65dca6bb88611ac902cc60fb","Female","33"
"60a3ac51b06fa9eb29a105bc","Male","28"
"6294de1b341cd20e308d1a4a","Female","29"
"60fc2ec58ad0da367daee3c1","Female","36"
"5e3068330082f106875fb3f2","Male","32"
"5cfd24ccf8ff8a00017319d0","Male","61"
"660de2426df2c14f27678f6b","Female","36"
"5d2de4db914b6e001877da8f","Female","24"
"5eea9a9ea8d6d71ba912a73e","Male","39"
"5eced9328405902eef967571","Male","39"
"66a3e355362c7697f4d44d46","Female","58"
"5eec48a2a0a86044492efa67","Male","27"
"67ddf7048bb4a1eb57c71031","Male","39"
"6412fe162863d9871d64ac53","Female","69"
"5c726173c66879000152e516","Female","43"
"5d542c3a5af5900019bc80c4","Female","51"
"5d352f8bb02857001963539a","Male","25"
"5c5b55ce32810e0001c3456b","Male","58"
"5f4412624052727181839e3a","Male","27"
"662939c49821886e0246c494","Female","45"
"6724ffedb2e2d24cb30de26f","Male","29"
"6475208cd6045ed7c2e281ab","Female","73"
"677a8e5affbe5673b3a79e6b","Male","60"
"5b4ec32e995d4e00010944ce","Female","46"
"63e5a6690eeedc20da056717","Male","41"
"57bafa6cc308ca00014527c2","Female","58"
"5ced0da70afd6e0001a9f211","Female","39"
"570ff6c4736f6a00095576c7","Female","37"
"66956649d7179281d46fa6f2","Male","47"
"65cb708afe5755feaeec417f","Female","22"
"62b20c0065e9809e66d13fa5","Male","27"
"5cf66ed8912f0b0017c50b52","Female","30"
"6155e95c0808b015514b34e0","Female","32"
"5cfb459229a6c2001764e10d","Male","25"
"654e42ed750e4e81219b2c0e","Female","55"
"5b79dfb9db11320001c3d3f4","Female","30"
"654a86d08714f739c9fcea21","Female","53"
"63d7b30ddc8ceb61c74fe85b","Male","41"
"6625ac4d6f5a636552f8adf0","Female","36"
"5bd2d397f92a480001c64dcb","Male","31"
"66312107682958309ff7e0a1","Male","52"
"66b8e8f12fa9160e4ca9f25b","Female","31"
"616ef680ab8ca318a227f5ec","Female","60"
"676f0d51832c4a60f2d8cb96","Female","28"
"67422eccacb7146efb2e7af0","Female","56"
"6658c56f3d9230d99c3e6752","Male","37"
"5ec3eabec8f93307a60c5d1b","Female","27"
"6786d7955dfbf40eae7ed3d9","Female","34"
"659ea43fea7c0cc45bbe771f","Male","39"
"682b8071ffc2da7edd49f10c","Female","50"
"5c2ab2de9136140001b90737","Female","62"
"5e7fa0e918b10804bb87eb63","Male","53"
"5dcdb60be64aaa07c14065cc","Female","39"
"59014ee029f42300013cc5b7","Female","38"
"5827634ea80bf4000199994b","Female","68"
"67665f7b0329bd3e30515ad2","Male","35"
"633485c40e46cf7e9a2f2ca1","Male","40"
"642ef01a04c9f327767cde23","Male","53"
"66fd3f6c93c24ecc119be354","Male","39"
"59a734ce0c87a000017481ed","Female","37"
"6290fea2c6e6821bf8d3c606","Male","22"
"5f3d42de03555c0832cbef73","Female","23"
"63ed50df25d0ea08696b393f","Male","51"
"67d0647157996203f3da1743","Male","50"
"66bb63dab2b110041a61af00","Female","21"
"5dcfaad2dd9a740c2493fc28","CONSENT_REVOKED","CONSENT_REVOKED"
"663a8c84b8e7c046d854c8dd","CONSENT_REVOKED","CONSENT_REVOKED"
"5c322f84508b7a0001fcb70d","CONSENT_REVOKED","CONSENT_REVOKED"
"5fa45d41eb5d570b4841254d","Female","54"
"5c5d36bc034e280001644c3b","CONSENT_REVOKED","CONSENT_REVOKED"
"5f9e03f3517e0d3ad1eab67b","CONSENT_REVOKED","CONSENT_REVOKED"
"5ed559e5afbd830e2117ed55","CONSENT_REVOKED","CONSENT_REVOKED"
"5c4a061161db8c00015e4fb0","CONSENT_REVOKED","CONSENT_REVOKED"
"65293fa9b73b0edd4fd93b95","CONSENT_REVOKED","CONSENT_REVOKED"
"668a6f07c623b9b9500b962f","CONSENT_REVOKED","CONSENT_REVOKED"
"649d809191fa2e4b6e84c69e","CONSENT_REVOKED","CONSENT_REVOKED"
"5cf6ee10d5478e0001da72bd","Female","41"
"588938e3b08cc30001b77771","Female","50"
"6720fbc84253185973cbe564","Male","36"
"5f82efa422d3c740b3e41b30","Male","38"
"594016e06ee2c800016c09d1","Male","39"
"5ee10c33a3011311034f2cb1","Male","39"
"668c821b1bbf383ee00a01ed","Female","28"
"56e967b74c71f00005d78743","Female","46"
"6120e3a34f6ad742437d6c95","Male","41"
"5791dae225cb71000128ad5b","Female","47"
"67db4c889794c3be29370b1d","Female","59"
"67696d49d386c9789b03b1da","Male","59"
"5cf6e4aae289a80019b6e032","Female","52"
"60cf0d251a90eb823bc9b740","Male","33"
"63469662d9e84d379f52c166","Male","63"
"5bb609520cb04c00014efb8a","Male","28"
"61282ca83be28773ac7c421f","Female","45"
"5ee637a18976fc391312fe01","Male","50"
"5b9ca13a06114100010699b8","Female","44"
"66954d8d88d42a3482f13df6","Male","27"
"67e7cdfb2d3c81d83ccef700","Male","55"
"6304db4577830d43f42d4d26","Male","28"
"67701cb8e95b8934348de694","Male","34"
"65107641138d7e50e2a290d0","Male","28"
"5be30116dd850e0001d2ba99","Male","31"
"5e38777a87243b095c67543b","Female","74"
"60325f7577ccb72319bf3c63","Male","39"
"59d4c100078dbe0001951236","Female","40"
"677406a14c6e104dba32e029","Female","37"
"66465c850d9a3e177f2649fa","Male","35"
"669faeb6d07d662c8f3de95b","Female","56"
"55daf7b369dbc30005b68ac9","Male","41"
"62e3f7b224ec70641fd86b7b","Male","38"
"5c4b987538878c0001c7883b","Female","30"
"5ad8dbe2e34a050001b83eac","Female","58"
"661403131cecbe255b64ca6f","Female","36"
"5bdead73ed3acf0001666f03","Male","34"
"5ee0df4ff87654455ad1cb9a","Male","39"
"5eceb8411480c30fb89c7c54","Female","30"
"64136f616f4202871d6bb12e","Female","38"
"5f1833a16e55c522eeaf4dbe","Female","58"
"679153802a458f825959cf4a","Male","45"
"56aa2ab9402d62000c7096f2","Female","58"
"66cc906a1d6bea34dd2e57b0","Male","40"
"612adba08b8235b31539c704","CONSENT_REVOKED","CONSENT_REVOKED"
"68a09fd470dc64f51f7ef871","CONSENT_REVOKED","CONSENT_REVOKED"
"59e8f20262637600014a7e75","CONSENT_REVOKED","CONSENT_REVOKED"
